,url,title
0,https://blog.naver.com/ojh919?Redirect=Log&logNo=222189085472,비트코인 샀따
1,https://blog.naver.com/hanlee_02?Redirect=Log&logNo=222188084730,비트코인 관련주 총체적으로 분석해보기
2,http://blog.plain-vanilla.co.kr/222112658887,비트코인 ETP와 자산배분 관점
3,https://blog.naver.com/nomore_bet?Redirect=Log&logNo=222187846919,"비트코인, 그 가치를 어찌 예측하는 건가"
4,https://blog.naver.com/peteryim15?Redirect=Log&logNo=222177476599,"비트코인, 울트라 떡상의 세가지 이유"
5,https://blog.naver.com/joooople?Redirect=Log&logNo=222176457848,비트코인 사상 최고가?! 가상화폐 관련주!
6,https://blog.naver.com/llbohyunll?Redirect=Log&logNo=222187244017,비트코인 3000만원돌파 + 리플 최악의 소송위기 휘말려
7,https://blog.naver.com/shotg_pk?Redirect=Log&logNo=222162460812,비트코인 관련주 가상화폐 대장주 역시 파워 강력
8,https://blog.naver.com/whir100?Redirect=Log&logNo=222177463531,비트코인과 중국
9,https://blog.naver.com/pinkbabyyyy?Redirect=Log&logNo=222151871065,비트코인 전망 3억까지 오른다고?!
10,https://blog.naver.com/nehehe?Redirect=Log&logNo=222148502127,비트코인 관련주 미리 공부해두자
11,https://blog.naver.com/tiaks2002?Redirect=Log&logNo=222189885585,비트코인 시세 알고 있어야 하는 2가지
12,https://blog.naver.com/fcgaon?Redirect=Log&logNo=222191574886,비트코인 마진거래 에그빗으로 알아보기
13,https://blog.naver.com/ajuksaek?Redirect=Log&logNo=222184001668,"비트코인 관련주 주가 및 재무제표 ( 위지트, 우리기술투자..."
14,https://bhinvest.blog.me/222150500890,"☆ 비트코인 고공행진 ""내년에 3억 넘는다"" 소문의 진실, 3년..."
15,https://blog.naver.com/wjdekdls3058?Redirect=Log&logNo=222181893756,비트코인 투자사기 의도성 없었더라도
16,https://blog.naver.com/dadom77?Redirect=Log&logNo=222156137113,비트코인 - 구조적인 관점으로 볼 것~!!
17,https://blog.naver.com/s2ethan?Redirect=Log&logNo=222176309576,"비트코인 2만 달러, 미국 연준 제로금리, 한미 통화스와프..."
18,https://blog.naver.com/peteryim15?Redirect=Log&logNo=222152415990,비트코인...2만불 가나요?
19,https://blog.naver.com/cooljason92?Redirect=Log&logNo=222190598345,"비트코인 최고가 기록, 항후전망은?"
20,https://blog.naver.com/joooople?Redirect=Log&logNo=222181626279,비트코인이 심상치 않다. 가상화폐 관련주 체크! 내 선택은...
21,https://blog.naver.com/dycvxgl?Redirect=Log&logNo=222186011327,비트코인 마진거래 감언이설 속지마라
22,https://blog.naver.com/cooldavidoff?Redirect=Log&logNo=222159109507,비트코인 이제는 금과 비교하는 시대? 2 (ft. MSTR???)
23,https://blog.naver.com/askgold27?Redirect=Log&logNo=222190478223,비트코인 성공하는 투자법
24,https://blog.naver.com/dacong2?Redirect=Log&logNo=222148839629,위지트 주가 비덴트 비트코인 관련주 분석
25,https://blog.naver.com/nomore_bet?Redirect=Log&logNo=222156014168,"비트코인 그리고 MMT, 현대통화이론"
26,https://blog.naver.com/n_goos?Redirect=Log&logNo=222189148316,"비트코인 시세 , 금 시세 돈풀리면 무조건"
27,https://jmstyle0703.blog.me/222189170146,비트코인볼트 가상화폐 재테크가 될 수 있을까?...
28,https://blog.naver.com/ghdtkdvy8581?Redirect=Log&logNo=222183403712,비트코인 수수료 최저율을 찾아나서다
29,https://blog.naver.com/dadom77?Redirect=Log&logNo=222149612523,비트코인 차트분석 : 선택장애의 결과
