,url
0,https://www.coupang.com/vp/products/293421715?itemId=926408953&vendorItemId=5302203368&q=%EB%B0%80%ED%82%A4%ED%8A%B8&itemsCount=36&searchId=12667397fbb84ad582506e5cd0dfd3f4&rank=0
1,https://www.coupang.com/vp/products/320547546?itemId=1025762372&vendorItemId=5469085011&q=%EB%B0%80%ED%82%A4%ED%8A%B8&itemsCount=36&searchId=12667397fbb84ad582506e5cd0dfd3f4&rank=1
2,https://www.coupang.com/vp/products/293473507?itemId=926572569&vendorItemId=5302426608&q=%EB%B0%80%ED%82%A4%ED%8A%B8&itemsCount=36&searchId=12667397fbb84ad582506e5cd0dfd3f4&rank=2
3,https://www.coupang.com/vp/products/273882898?itemId=864058990&vendorItemId=5190040204&q=%EB%B0%80%ED%82%A4%ED%8A%B8&itemsCount=36&searchId=12667397fbb84ad582506e5cd0dfd3f4&rank=3
4,https://www.coupang.com/vp/products/1600874220?itemId=2734537090&vendorItemId=70724641036&q=%EB%B0%80%ED%82%A4%ED%8A%B8&itemsCount=36&searchId=12667397fbb84ad582506e5cd0dfd3f4&rank=4
5,https://www.coupang.com/vp/products/273882943?itemId=864059202&vendorItemId=5190040474&q=%EB%B0%80%ED%82%A4%ED%8A%B8&itemsCount=36&searchId=12667397fbb84ad582506e5cd0dfd3f4&rank=5
6,https://www.coupang.com/vp/products/293473547?itemId=926572666&vendorItemId=5302426718&q=%EB%B0%80%ED%82%A4%ED%8A%B8&itemsCount=36&searchId=12667397fbb84ad582506e5cd0dfd3f4&rank=6
7,https://www.coupang.com/vp/products/4584549440?itemId=5625626678&vendorItemId=72924782993&q=%EB%B0%80%ED%82%A4%ED%8A%B8&itemsCount=36&searchId=12667397fbb84ad582506e5cd0dfd3f4&rank=7
8,https://www.coupang.com/vp/products/246267733?itemId=780244406&vendorItemId=4975000333&q=%EB%B0%80%ED%82%A4%ED%8A%B8&itemsCount=36&searchId=12667397fbb84ad582506e5cd0dfd3f4&rank=8
9,https://www.coupang.com/vp/products/1637283332?itemId=2792368476&vendorItemId=70782064297&q=%EB%B0%80%ED%82%A4%ED%8A%B8&itemsCount=36&searchId=12667397fbb84ad582506e5cd0dfd3f4&rank=9
10,https://www.coupang.com/vp/products/1435992638?itemId=2478694101&vendorItemId=70472025646&q=%EB%B0%80%ED%82%A4%ED%8A%B8&itemsCount=36&searchId=12667397fbb84ad582506e5cd0dfd3f4&rank=10
11,https://www.coupang.com/vp/products/336099951?itemId=1072212278&vendorItemId=5563309396&pickType=COU_PICK&q=%EB%B0%80%ED%82%A4%ED%8A%B8&itemsCount=36&searchId=12667397fbb84ad582506e5cd0dfd3f4&rank=11
12,https://www.coupang.com/vp/products/320547561?itemId=1025762461&vendorItemId=5469085081&q=%EB%B0%80%ED%82%A4%ED%8A%B8&itemsCount=36&searchId=12667397fbb84ad582506e5cd0dfd3f4&rank=12
13,https://www.coupang.com/vp/products/293474370?itemId=926574632&vendorItemId=5302429594&q=%EB%B0%80%ED%82%A4%ED%8A%B8&itemsCount=36&searchId=12667397fbb84ad582506e5cd0dfd3f4&rank=13
14,https://www.coupang.com/vp/products/2213056890?itemId=3768050359&vendorItemId=71753116828&q=%EB%B0%80%ED%82%A4%ED%8A%B8&itemsCount=36&searchId=12667397fbb84ad582506e5cd0dfd3f4&rank=14
15,https://www.coupang.com/vp/products/1123375276?itemId=2089327858&vendorItemId=70088301189&q=%EB%B0%80%ED%82%A4%ED%8A%B8&itemsCount=36&searchId=12667397fbb84ad582506e5cd0dfd3f4&rank=15
16,https://www.coupang.com/vp/products/4550022981?itemId=5521392375&vendorItemId=72820915162&q=%EB%B0%80%ED%82%A4%ED%8A%B8&itemsCount=36&searchId=12667397fbb84ad582506e5cd0dfd3f4&rank=16
17,https://www.coupang.com/vp/products/291775409?itemId=922823686&vendorItemId=5295894964&q=%EB%B0%80%ED%82%A4%ED%8A%B8&itemsCount=36&searchId=12667397fbb84ad582506e5cd0dfd3f4&rank=17
18,https://www.coupang.com/vp/products/2212937714?itemId=3767825253&vendorItemId=71752894115&q=%EB%B0%80%ED%82%A4%ED%8A%B8&itemsCount=36&searchId=12667397fbb84ad582506e5cd0dfd3f4&rank=18
19,https://www.coupang.com/vp/products/2239274325?itemId=3824670244&vendorItemId=71809537003&q=%EB%B0%80%ED%82%A4%ED%8A%B8&itemsCount=36&searchId=12667397fbb84ad582506e5cd0dfd3f4&rank=19
20,https://www.coupang.com/vp/products/2202010823?itemId=3744622966&vendorItemId=71729775756&q=%EB%B0%80%ED%82%A4%ED%8A%B8&itemsCount=36&searchId=12667397fbb84ad582506e5cd0dfd3f4&rank=20
21,https://www.coupang.com/vp/products/188130036?itemId=537230639&vendorItemId=4402737129&q=%EB%B0%80%ED%82%A4%ED%8A%B8&itemsCount=36&searchId=12667397fbb84ad582506e5cd0dfd3f4&rank=21
22,https://www.coupang.com/vp/products/1863105091?itemId=3166962053&vendorItemId=71154495623&q=%EB%B0%80%ED%82%A4%ED%8A%B8&itemsCount=36&searchId=12667397fbb84ad582506e5cd0dfd3f4&rank=22
23,https://www.coupang.com/vp/products/156649377?itemId=451066167&vendorItemId=4117038986&q=%EB%B0%80%ED%82%A4%ED%8A%B8&itemsCount=36&searchId=12667397fbb84ad582506e5cd0dfd3f4&rank=23
24,https://www.coupang.com/vp/products/1717552921?itemId=2923167957&vendorItemId=70911802261&q=%EB%B0%80%ED%82%A4%ED%8A%B8&itemsCount=36&searchId=12667397fbb84ad582506e5cd0dfd3f4&rank=24
25,https://www.coupang.com/vp/products/1600865115?itemId=2734525207&vendorItemId=70724641009&q=%EB%B0%80%ED%82%A4%ED%8A%B8&itemsCount=36&searchId=12667397fbb84ad582506e5cd0dfd3f4&rank=25
26,https://www.coupang.com/vp/products/324198576?itemId=1038060170&vendorItemId=5493258419&q=%EB%B0%80%ED%82%A4%ED%8A%B8&itemsCount=36&searchId=12667397fbb84ad582506e5cd0dfd3f4&rank=26
27,https://www.coupang.com/vp/products/1313868744?itemId=2331665318&vendorItemId=70328207484&q=%EB%B0%80%ED%82%A4%ED%8A%B8&itemsCount=36&searchId=12667397fbb84ad582506e5cd0dfd3f4&rank=27
28,https://www.coupang.com/vp/products/1600887296?itemId=2734555124&vendorItemId=70724641130&q=%EB%B0%80%ED%82%A4%ED%8A%B8&itemsCount=36&searchId=12667397fbb84ad582506e5cd0dfd3f4&rank=28
29,https://www.coupang.com/vp/products/235501104?itemId=747435782&vendorItemId=4887071104&q=%EB%B0%80%ED%82%A4%ED%8A%B8&itemsCount=36&searchId=12667397fbb84ad582506e5cd0dfd3f4&rank=29
30,https://www.coupang.com/vp/products/293473519?itemId=926572599&vendorItemId=5302426640&q=%EB%B0%80%ED%82%A4%ED%8A%B8&itemsCount=36&searchId=12667397fbb84ad582506e5cd0dfd3f4&rank=30
31,https://www.coupang.com/vp/products/1313868818?itemId=2331665476&vendorItemId=70328207366&q=%EB%B0%80%ED%82%A4%ED%8A%B8&itemsCount=36&searchId=12667397fbb84ad582506e5cd0dfd3f4&rank=31
32,https://www.coupang.com/vp/products/293421731?itemId=926409037&vendorItemId=5302203459&q=%EB%B0%80%ED%82%A4%ED%8A%B8&itemsCount=36&searchId=12667397fbb84ad582506e5cd0dfd3f4&rank=32
33,https://www.coupang.com/vp/products/293473579?itemId=926572725&vendorItemId=5302426781&q=%EB%B0%80%ED%82%A4%ED%8A%B8&itemsCount=36&searchId=12667397fbb84ad582506e5cd0dfd3f4&rank=33
34,https://www.coupang.com/vp/products/2068553784?itemId=3514854994&vendorItemId=71500984825&q=%EB%B0%80%ED%82%A4%ED%8A%B8&itemsCount=36&searchId=12667397fbb84ad582506e5cd0dfd3f4&rank=34
35,https://www.coupang.com/vp/products/2213056821?itemId=3768050292&vendorItemId=71753116771&q=%EB%B0%80%ED%82%A4%ED%8A%B8&itemsCount=36&searchId=12667397fbb84ad582506e5cd0dfd3f4&rank=35
